file,part,id,format,dimension,sha256
mum1.webp,PART_1,1,WEBP,1536x864,39a4f94081db76917b5cd7145e1bb772ddccbd9305c2503b2d2cb89037b6332f
mum2.webp,PART_1,2,WEBP,1536x864,a75d4c33dadaabbf535b16892843d21bf940f11c785481b0fda31f3142614825
mum3.webp,PART_1,3,WEBP,1536x864,0761b6721d86dc22477db2e8a36c75da49ff257da840c5028167f2627c47cf1d
mum4.webp,PART_1,4,WEBP,1536x864,dbbd2429304bf43970aaaa69b407f602d81642fd62ccec1b4982c2d002d71482
mum5.webp,PART_1,5,WEBP,1536x864,0a14959974f5369b528fe7b2e4e4db3018e831c070c8c7fde540405d06ef1882
mum6.webp,PART_1,6,WEBP,1536x864,f69979224e2f5696a1dbb737740abdd12e9e063ea105c408988edcc4b4100f12
mum7.webp,PART_1,7,WEBP,1536x864,44d29e01e5994fd3495e7cf940a15b96693b685eda5cb66593ccd729b2601001
mum8.webp,PART_1,8,WEBP,1536x864,dfec0a03c8ac105d4286f4f9daf4098fe96b92ca43baa3e20f36fad6746d23b8
mum9.webp,PART_1,9,WEBP,1536x864,0ad60217d862b05a920907338d37011a92ff7b9bed5b67864ac6e7c730b51ba6
mum10.webp,PART_1,10,WEBP,1536x864,c607bf8638b8b0f6c2e95ff6225f1e24ff86b45d1ef47f8c98385781fbb64532
mum11.webp,PART_1,11,WEBP,1536x864,74effc30bcfd03b78c6d375626ee73f485e79361b80286bf95e659b035635ae4
mum12.webp,PART_1,12,WEBP,1536x864,4b8fcf17b5f4d774d1f278c754f45a822824294841b5dc139b80f0a736546bb1
mum13.webp,PART_1,13,WEBP,1536x864,aba459efc062bdc8a87ef47f4a5da952d516a29d2aba2e6bcc77acedb20c0c3e
mum14.webp,PART_1,14,WEBP,1536x864,5705cee95a3c7871c61816b15ec1c9ae6a59f604c1530db0188bd6348437bfbb
mum15.webp,PART_1,15,WEBP,1536x864,f06da46b9bfb7903892055ca99f76530016da1784db41afe0511103ba829740e
mum16.webp,PART_1,16,WEBP,1536x864,84a3dd3f430f88795ecc73f9f17d7df10dde15e1b706833cf5d91c687fce7fd4
mum17.webp,PART_1,17,WEBP,1536x864,46911103dad5ea1815e4917c2e20acdb4637fb0753b29d518905d87f4fae2a7b
mum18.webp,PART_1,18,WEBP,1536x864,e0d626ff3808bae849e7a3c936b88fdf199181d8a76a233c9e4320205ea8309f
mum19.webp,PART_1,19,WEBP,1536x864,f06f756d1c87be50bec99c52d00a13f1472c5c1885ba41a5e880845e2730e7b9
mum20.webp,PART_1,20,WEBP,1536x864,82438271127997ea0814938fb4fbfa70131eb08ebb7c5a4f205b3cacf3dbc041
mum21.webp,PART_1,21,WEBP,1536x864,b8e452590d736b66e2bbc1df586d4992812b72b0fd0c0cb9aa94b9cd56b3294a
mum22.webp,PART_1,22,WEBP,1536x864,17eb032efebe6c899f6083151a2d033d3c8eb64401ec594abbbfe3386888c16c
mum23.webp,PART_1,23,WEBP,1536x864,3b91ad7cba370664ef51edd62e68982667ef98ed360756823785873decc81893
mum24.webp,PART_1,24,WEBP,1536x864,59fd5c0115038211f488023e2eec23dc5da148ee7fc34f22a4c753e604cc4b9a
mum25.webp,PART_1,25,WEBP,1536x864,dca0abfecf5f3586f68eea23008e98ab8f28b8b8ecfde9e21a92498763195787
mum26.webp,PART_1,26,WEBP,1536x864,e61842bb51a9bce488e32b9c6393082c1b1becf094452032ab325366f3d20c76
mum27.webp,PART_1,27,WEBP,1536x864,48dd3a500899a715bc16f19dbd266e23fe56c733973746d58c7b6b4cbf3a97eb
mum28.webp,PART_1,28,WEBP,1536x864,eb593f02286ec689ba53348317057d2102b7c19191ca553691196a64fd657eb9
mum29.webp,PART_1,29,WEBP,1536x864,d2e74e026aeae785e51d070014e223c7b36fa8538f395893f616de84c36e243c
mum30.webp,PART_1,30,WEBP,1536x864,3146a630870b962bdd1cb0283fee16f9a14bc9a97a0a74807cf9c25702770b93
mum31.webp,PART_1,31,WEBP,1536x864,56060e8d7b229d7c7d71015887fbe650de5606140a78256b1cd9dca674fd44bb
mum32.webp,PART_1,32,WEBP,1536x864,b5e9c775867b2598eff9590c1b9cba1f0c2456080f9ed9182d8e9abb7f515f72
mum33.webp,PART_1,33,WEBP,1536x864,716ac3d6b99542aca46da4f4540ccb955da2cae5a5e46cd990b567cb4522f3d5
mum34.webp,PART_1,34,WEBP,1536x864,eb0b8e72823fd146c6720397ad49a72ba7b63e679a0c8061f26b50efb1b805df
mum35.webp,PART_1,35,WEBP,1536x864,cb142d6447b570a496a00c969c419d6064b713c0b15ad32b0ed316ba2e4ff1e2
mum36.webp,PART_1,36,WEBP,1536x864,edc6691db585cd7bb9e6d04041b2913937f9e920c17b044ee68539c5fc4e43b1
mum37.webp,PART_1,37,WEBP,1536x864,40ba5df640c89c36f27a7c4e7893b81e53340c672493626655b58ed58ea8ea7a
mum38.webp,PART_1,38,WEBP,1536x864,252d17839d15408a9f6bf7fb70c8d6cdc12c50eeb6a9309396bc568c8f332868
mum39.webp,PART_1,39,WEBP,1536x864,4d25c39e73e3719db5bbb2dbb13ff47fd7dead787fe43e9f3d86fec2d9174e49
mum40.webp,PART_1,40,WEBP,1536x864,00b3c26a8f545eda590f3c2c913e6a6b898ad0a788032aefee856188085fb927
mum41.webp,PART_1,41,WEBP,1536x864,71f89e05a1320dade3b65942bcb82f4d2a984223b3b02790f9e9aea3363939ba
mum42.webp,PART_1,42,WEBP,1536x864,55ad16dddfe7de159055867cf40e9f217f31772e5c9aeaa963f6129975f47a54
mum43.webp,PART_1,43,WEBP,1536x864,eb725691694c0065a9a8fe9c71aff7143dd20593843f566bdda33619d9fb3e78
mum44.webp,PART_1,44,WEBP,1536x864,9124a0acb0c099a05b050275e63c6f23124b8dd26608c6f42129eb5b21b1fe36
mum45.webp,PART_1,45,WEBP,1536x864,b038b5b81cd6b05f25bb4083deebdba9752fed594fe09380081cc44503c6240e
mum46.webp,PART_1,46,WEBP,1536x864,4f4b433ec486e9d6748da728aa156c4b7c2f232e72260a22447d77e46dac750b
mum47.webp,PART_1,47,WEBP,1536x864,a2aeafca3d439952314097be6819352f693ad5ce3a159aaea7dd255e44aa93ed
mum48.webp,PART_1,48,WEBP,1536x864,78fe089ca1b517afe8773e603d0f296ba808a0c2caae2e4d5ceabf68a3c687df
mum49.webp,PART_1,49,WEBP,1536x864,d4e95ba35e5ec49f13c4cdad69eae2cde5332f1ec17bf24923b049a826588b33
mum50.webp,PART_1,50,WEBP,1536x864,c362462f1c1ed5bb1c8a519a0a55d5a6565d0ebbf6576db8d6ecfe04571cabc1
mum51.webp,PART_1,51,WEBP,1536x864,022859710ccd0f37d92d88565c40b9b8a2b5bded292db020f4a1cdc1ba737f6f
mum52.webp,PART_1,52,WEBP,1536x864,5d2a7922a2f94c327fa4fdc74e463aaebaa562a5841d7a5d3f69ea8764ac3ba1
mum53.webp,PART_1,53,WEBP,1536x864,ec359a93f49ebbe9c58907539892b058f563f10f5b077c4972eaad1123ffa8af
mum54.webp,PART_1,54,WEBP,1536x864,53adb9f91a250cef629c2a7d00a4a8413f8452c310f379c030a97f36a129b1d6
mum55.webp,PART_1,55,WEBP,1536x864,5d6a259a791bee94a7d3dc7180a45923877bfe980f8dc3067f21e61bdb1d7825
mum56.webp,PART_1,56,WEBP,1536x864,168a5e0fb55d67c87b9b287b4707d3ece42872e1434c17c9f6d37b7a345bf673
mum57.webp,PART_1,57,WEBP,1536x864,0bab99c3f4eeff47f67e44168947abf9fa0d1a04def831cfe5e7acfa72387311
mum58.webp,PART_1,58,WEBP,1536x864,facc08de7aae2cf1a59db0e41544c7b743435013fd95b0a67cfaee3afa6c8ec0
mum59.webp,PART_1,59,WEBP,1536x864,d5700041e8a2dea19b090e2b80c626a6ba1677cc351795e46412b151a17b14ea
mum60.webp,PART_1,60,WEBP,1536x864,9bffb6fa96bcbfb525d61aab3224024c1f762a84ee09ecd8298497cce2fe09fc
mum61.webp,PART_1,61,WEBP,1536x864,f68a8788a54986f86dc74119fd3d4e7d76200da3839f9ebc641465e623e596b6
mum63.webp,PART_1,63,WEBP,1536x864,5d31ae24fbbdb2a39829552e2cf850c6d829ec053a5bac0c9fb29efd807aee50
mum64.webp,PART_1,64,WEBP,1536x864,fd95cdef9a2302a5108aab16e1074b550f6233b65ee1351c71a1c7dbb5090fd9
mum65.webp,PART_1,65,WEBP,1536x864,0f3eb7db4e1a9f9962fbe71e9af48bdeea79524581bcdcc369b0afda36d76d79
mum66.webp,PART_1,66,WEBP,1536x864,bf96196dea9c4954cf8a0323d8e89b50809e72cb8c2081775bd625955df60e88
mum67.webp,PART_1,67,WEBP,1536x864,58d8c5579376a8357be355b7510d0cd865c485a036cb9704f83c8d5d8785dfce
mum68.webp,PART_1,68,WEBP,1536x864,48674591f71719da93604ece3f58020c947d4030bc5bf3f35324a4247993b40c
mum69.webp,PART_1,69,WEBP,1536x864,16b602299c1357e6da40f37784adb1f7764fe3fe1fdf832dbd916a4528a4fb3f
mum70.webp,PART_1,70,WEBP,1536x864,48d1bebc52bae676b05a543e327eeeb8311446f164cd969a28d28e2e65334a5c
mum71.webp,PART_1,71,WEBP,1536x864,63c4198ca0be0e3f8d95ebc07606be069508a7c7df62e9897ccf70c4fb84a688
mum73.webp,PART_1,73,WEBP,1536x864,43e9c4674fd4db59f109e13db6944eede1a2e0a383c561d206ab3d5122751431
mum74.webp,PART_1,74,WEBP,1536x864,7f4aea3cbe5fa556e7a9346f52663a02958b19b12054531dc206fc9725c7ee95
mum75.webp,PART_1,75,WEBP,1536x864,48be7963b68bdf595887add731bca87a840f9e41582d1bceed6e0f896ea284da
